{"timestamp": 1677594319.8186967, "success": true, "translation_x": 11.430583295477035, "translation_y": 5.142802280146702, "translation_z": 42.815210412740825, 
"rotation_right_x": -0.9399653958653161, "rotation_right_y": 0.31731478045920997, "rotation_right_z": -0.12560407906546253, "rotation_up_x": -0.3016497091359976, 
"rotation_up_y": -0.6003944856751889, "rotation_up_z": 0.7406307545254879, "rotation_forward_x": 0.15960108882438012, "rotation_forward_y": 0.7340557142839697, 
"rotation_forward_z": 0.6600679516331054}